InputID,ID,Mag,Magerr,RA,Decl,MJD,Blend
J081805.14+200235.4,1121042007836,19.26,0.19,124.52146,20.04261,53480.22658,0
J081805.14+200235.4,1121042007836,18.81,0.15,124.52161,20.04333,53714.3173,0
J081805.14+200235.4,1121042007836,17.7,0.1,124.52085,20.04242,53506.17369,0
J081805.14+200235.4,1121042007836,19.0,0.18,124.52146,20.04297,53644.48648,0
J081805.14+200235.4,1121042007836,18.66,0.15,124.52146,20.04307,53671.41842,0
J081805.14+200235.4,1121042007836,18.92,0.16,124.52162,20.04315,53671.42489,0
J081805.14+200235.4,1121042007836,18.76,0.16,124.52183,20.04268,53636.46637,0
J081805.14+200235.4,1121042007836,18.9,0.17,124.5209,20.04358,53636.47127,0
J081805.14+200235.4,1121042007836,18.63,0.15,124.52122,20.04332,53827.14849,0
J081805.14+200235.4,1121042007836,20.04,0.33,124.52091,20.04314,53834.17181,0
J081805.14+200235.4,1121042007836,18.98,0.17,124.52153,20.0431,53844.13036,0
J081805.14+200235.4,1121042007836,19.15,0.19,124.5216,20.04311,54095.29385,0
J081805.14+200235.4,1121042007836,19.04,0.19,124.52128,20.04323,54095.30397,0
J081805.14+200235.4,1121042007836,19.15,0.18,124.52165,20.04313,54095.31411,0
J081805.14+200235.4,1121042007836,19.01,0.17,124.52153,20.0432,54095.32433,0
J081805.14+200235.4,1121042007836,18.84,0.16,124.52096,20.04324,53745.42155,0
J081805.14+200235.4,1121042007836,18.93,0.17,124.52119,20.04288,53745.44266,0
J081805.14+200235.4,1121042007836,19.01,0.17,124.52159,20.04308,53753.21631,0
J081805.14+200235.4,1121042007836,19.24,0.2,124.52128,20.04333,53875.15158,0
J081805.14+200235.4,1121042007836,18.74,0.15,124.5214,20.04312,54053.46903,0
J081805.14+200235.4,1121042007836,19.17,0.17,124.52134,20.04332,54053.47556,0
J081805.14+200235.4,1121042007836,18.95,0.16,124.52155,20.0431,54053.48218,0
J081805.14+200235.4,1121042007836,19.2,0.18,124.52189,20.04342,54053.48887,0
J081805.14+200235.4,1121042007836,18.79,0.14,124.52131,20.04301,54066.30925,0
J081805.14+200235.4,1121042007836,18.95,0.15,124.52152,20.04307,54066.32035,0
J081805.14+200235.4,1121042007836,18.93,0.14,124.52167,20.04316,54066.33141,0
J081805.14+200235.4,1121042007836,18.78,0.14,124.52152,20.04317,54066.34251,0
J081805.14+200235.4,1121042007836,19.06,0.17,124.52157,20.04319,54009.46344,0
J081805.14+200235.4,1121042007836,19.21,0.18,124.52182,20.04295,54009.47207,0
J081805.14+200235.4,1121042007836,18.72,0.15,124.5213,20.04316,54009.4807,0
J081805.14+200235.4,1121042007836,19.33,0.19,124.52155,20.04291,54009.48935,0
J081805.14+200235.4,1121042007836,19.23,0.18,124.52164,20.04333,54024.48128,0
J081805.14+200235.4,1121042007836,19.06,0.16,124.52132,20.04321,54024.48615,0
J081805.14+200235.4,1121042007836,18.97,0.16,124.52157,20.04343,54024.49109,0
J081805.14+200235.4,1121042007836,19.19,0.17,124.52155,20.0432,54024.49618,0
J081805.14+200235.4,1121042007836,18.82,0.15,124.52148,20.04339,54028.41938,0
J081805.14+200235.4,1121042007836,18.87,0.15,124.52141,20.04313,54028.42999,0
J081805.14+200235.4,1121042007836,19.21,0.18,124.52137,20.04317,54028.44056,0
J081805.14+200235.4,1121042007836,19.03,0.16,124.52121,20.04322,54028.45112,0
J081805.14+200235.4,1121042007836,18.77,0.15,124.52121,20.04352,53999.48328,0
J081805.14+200235.4,1121042007836,19.03,0.17,124.52136,20.0432,53999.48797,0
J081805.14+200235.4,1121042007836,18.83,0.15,124.52169,20.0429,53999.49266,0
J081805.14+200235.4,1121042007836,18.82,0.15,124.52147,20.043,53999.49735,0
J081805.14+200235.4,1121042007836,18.83,0.15,124.52146,20.04324,54201.1256,0
J081805.14+200235.4,1121042007836,19.3,0.19,124.52169,20.04303,54201.13479,0
J081805.14+200235.4,1121042007836,18.82,0.15,124.5213,20.04316,54201.14396,0
J081805.14+200235.4,1121042007836,18.94,0.16,124.52155,20.04294,54201.15317,0
J081805.14+200235.4,1121042007836,19.53,0.21,124.5216,20.04316,54437.34124,0
J081805.14+200235.4,1121042007836,19.43,0.2,124.52152,20.04321,54437.34874,0
J081805.14+200235.4,1121042007836,19.61,0.21,124.5215,20.04328,54437.35625,0
J081805.14+200235.4,1121042007836,19.44,0.2,124.52161,20.04353,54437.36376,0
J081805.14+200235.4,1121042007836,19.3,0.19,124.52169,20.0432,54454.28365,0
J081805.14+200235.4,1121042007836,19.34,0.19,124.52203,20.04321,54454.2967,0
J081805.14+200235.4,1121042007836,19.56,0.22,124.5215,20.04339,54464.3278,0
J081805.14+200235.4,1121042007836,19.64,0.22,124.52147,20.04337,54464.3408,0
J081805.14+200235.4,1121042007836,19.22,0.18,124.52161,20.0431,54464.34726,0
J081805.14+200235.4,1121042007836,19.51,0.22,124.52127,20.04309,54138.18316,0
J081805.14+200235.4,1121042007836,18.87,0.16,124.52175,20.0431,54138.18971,0
J081805.14+200235.4,1121042007836,18.71,0.15,124.52156,20.04297,54138.19623,0
J081805.14+200235.4,1121042007836,18.69,0.14,124.52143,20.04305,54138.20275,0
J081805.14+200235.4,1121042007836,18.69,0.14,124.52165,20.04301,54108.31102,0
J081805.14+200235.4,1121042007836,18.91,0.16,124.52139,20.04289,54108.3175,0
J081805.14+200235.4,1121042007836,18.78,0.15,124.5214,20.04266,54108.32396,0
J081805.14+200235.4,1121042007836,19.53,0.21,124.52148,20.04314,54115.21013,0
J081805.14+200235.4,1121042007836,19.27,0.18,124.52162,20.04308,54115.22993,0
J081805.14+200235.4,1121042007836,19.17,0.17,124.52125,20.04323,54115.23986,0
J081805.14+200235.4,1121042007836,19.44,0.2,124.52146,20.04343,54124.29287,0
J081805.14+200235.4,1121042007836,19.49,0.2,124.52153,20.04327,54124.29883,0
J081805.14+200235.4,1121042007836,19.12,0.17,124.52157,20.04312,54124.30476,0
J081805.14+200235.4,1121042007836,19.58,0.21,124.52103,20.04328,54124.31068,0
J081805.14+200235.4,1121042007836,19.12,0.17,124.52158,20.04287,54170.17282,0
J081805.14+200235.4,1121042007836,19.18,0.18,124.52145,20.04316,54170.17764,0
J081805.14+200235.4,1121042007836,19.53,0.21,124.52168,20.04305,54170.18248,0
J081805.14+200235.4,1121042007836,19.6,0.22,124.52142,20.04348,54170.18731,0
J081805.14+200235.4,1121042007836,19.58,0.22,124.52137,20.04296,54231.14028,0
J081805.14+200235.4,1121042007836,19.48,0.21,124.52151,20.04305,54231.14561,0
J081805.14+200235.4,1121042007836,19.12,0.18,124.52144,20.04306,54231.15096,0
J081805.14+200235.4,1121042007836,18.95,0.18,124.52139,20.04324,54238.15005,0
J081805.14+200235.4,1121042007836,19.49,0.2,124.52163,20.04289,54407.49683,0
J081805.14+200235.4,1121042007836,19.11,0.17,124.52165,20.04318,54407.5028,0
J081805.14+200235.4,1121042007836,19.51,0.21,124.52138,20.04336,54407.50884,0
J081805.14+200235.4,1121042007836,19.28,0.19,124.52156,20.04308,54411.40292,0
J081805.14+200235.4,1121042007836,19.27,0.19,124.52129,20.04319,54411.41129,0
J081805.14+200235.4,1121042007836,19.24,0.18,124.52157,20.04319,54411.41965,0
J081805.14+200235.4,1121042007836,19.31,0.19,124.52131,20.04312,54411.42798,0
J081805.14+200235.4,1121042007836,18.97,0.16,124.52164,20.04322,54421.37702,0
J081805.14+200235.4,1121042007836,18.78,0.15,124.52141,20.04305,54421.38517,0
J081805.14+200235.4,1121042007836,19.14,0.17,124.52126,20.04301,54421.39329,0
J081805.14+200235.4,1121042007836,19.08,0.17,124.52132,20.04348,54421.40143,0
J081805.14+200235.4,1121042007836,19.36,0.19,124.52173,20.04338,54386.45417,0
J081805.14+200235.4,1121042007836,19.82,0.24,124.52178,20.0432,54386.4618,0
J081805.14+200235.4,1121042007836,19.75,0.23,124.52154,20.04353,54386.4694,0
J081805.14+200235.4,1121042007836,19.43,0.2,124.52143,20.04322,54386.47701,0
J081805.14+200235.4,1121042007836,18.56,0.13,124.52128,20.04309,54393.45259,0
J081805.14+200235.4,1121042007836,18.92,0.16,124.52152,20.04319,54393.4591,0
J081805.14+200235.4,1121042007836,19.08,0.17,124.52149,20.04314,54393.4657,0
J081805.14+200235.4,1121042007836,19.61,0.22,124.52173,20.04318,54393.4722,0
J081805.14+200235.4,1121042007836,19.3,0.25,124.52148,20.04304,54353.49455,0
J081805.14+200235.4,1121042007836,18.21,0.15,124.52169,20.0429,54353.49709,0
J081805.14+200235.4,1121042007836,18.72,0.15,124.52161,20.04289,54581.17602,0
J081805.14+200235.4,1121042007836,19.74,0.25,124.52165,20.04296,54581.18141,0
J081805.14+200235.4,1121042007836,19.04,0.18,124.52182,20.04367,54581.1868,0
J081805.14+200235.4,1121042007836,19.31,0.19,124.52118,20.04302,54807.33812,0
J081805.14+200235.4,1121042007836,19.65,0.22,124.5214,20.04322,54807.34352,0
J081805.14+200235.4,1121042007836,18.96,0.2,124.52146,20.04329,54820.32936,0
J081805.14+200235.4,1121042007836,19.06,0.2,124.5215,20.04291,54820.33129,0
J081805.14+200235.4,1121042007836,19.06,0.2,124.52172,20.04311,54820.33323,0
J081805.14+200235.4,1121042007836,19.26,0.22,124.52136,20.04304,54820.33521,0
J081805.14+200235.4,1121042007836,19.52,0.2,124.5219,20.0433,54502.19111,0
J081805.14+200235.4,1121042007836,19.56,0.21,124.52123,20.04332,54502.19919,0
J081805.14+200235.4,1121042007836,19.25,0.18,124.52137,20.04307,54502.20728,0
J081805.14+200235.4,1121042007836,19.42,0.2,124.52178,20.04312,54502.21537,0
J081805.14+200235.4,1121042007836,19.61,0.22,124.52123,20.04324,54475.43515,0
J081805.14+200235.4,1121042007836,19.39,0.19,124.52123,20.04322,54475.44225,0
J081805.14+200235.4,1121042007836,19.78,0.24,124.52155,20.04314,54475.45635,0
J081805.14+200235.4,1121042007836,19.7,0.22,124.52137,20.04322,54495.25553,0
J081805.14+200235.4,1121042007836,19.37,0.19,124.52174,20.04327,54495.26205,0
J081805.14+200235.4,1121042007836,19.55,0.21,124.5216,20.0432,54495.26861,0
J081805.14+200235.4,1121042007836,19.36,0.2,124.52149,20.04288,54528.10593,0
J081805.14+200235.4,1121042007836,19.21,0.18,124.52151,20.04309,54528.11352,0
J081805.14+200235.4,1121042007836,19.04,0.17,124.52144,20.04306,54528.12109,0
J081805.14+200235.4,1121042007836,19.58,0.22,124.52169,20.04301,54528.1287,0
J081805.14+200235.4,1121042007836,18.9,0.2,124.52197,20.0435,54592.13999,0
J081805.14+200235.4,1121042007836,18.98,0.21,124.52107,20.04268,54592.15419,0
J081805.14+200235.4,1121042007836,19.38,0.19,124.52133,20.04314,54777.4306,0
J081805.14+200235.4,1121042007836,19.96,0.25,124.52121,20.0431,54777.45552,0
J081805.14+200235.4,1121042007836,19.16,0.17,124.5217,20.04303,54777.46792,0
J081805.14+200235.4,1121042007836,18.96,0.16,124.52124,20.04322,54791.44268,0
J081805.14+200235.4,1121042007836,19.64,0.22,124.52149,20.04312,54791.4509,0
J081805.14+200235.4,1121042007836,19.38,0.19,124.52124,20.04307,54791.45916,0
J081805.14+200235.4,1121042007836,19.51,0.2,124.52154,20.04322,54791.46753,0
J081805.14+200235.4,1121042007836,19.62,0.21,124.52148,20.04279,54763.47275,0
J081805.14+200235.4,1121042007836,19.77,0.23,124.52052,20.04317,54763.48126,0
J081805.14+200235.4,1121042007836,19.53,0.2,124.52192,20.04307,54763.48976,0
J081805.14+200235.4,1121042007836,19.31,0.24,124.52163,20.04301,54937.12863,0
J081805.14+200235.4,1121042007836,19.89,0.33,124.52123,20.04381,54937.14035,0
J081805.14+200235.4,1121042007836,19.07,0.19,124.52184,20.04264,54867.23035,0
J081805.14+200235.4,1121042007836,19.47,0.23,124.52102,20.04319,54867.2386,0
J081805.14+200235.4,1121042007836,19.32,0.19,124.52155,20.04312,54883.16608,0
J081805.14+200235.4,1121042007836,19.66,0.22,124.52164,20.04319,54883.17221,0
J081805.14+200235.4,1121042007836,19.46,0.2,124.52214,20.04271,54883.17824,0
J081805.14+200235.4,1121042007836,19.4,0.19,124.52121,20.04284,54883.18433,0
J081805.14+200235.4,1121042007836,19.34,0.2,124.52153,20.0433,54848.2318,0
J081805.14+200235.4,1121042007836,19.44,0.19,124.52163,20.04316,54856.3356,0
J081805.14+200235.4,1121042007836,19.97,0.25,124.52184,20.04294,54856.34351,0
J081805.14+200235.4,1121042007836,19.2,0.17,124.5214,20.04314,54856.35133,0
J081805.14+200235.4,1121042007836,18.93,0.15,124.52129,20.04346,54856.35923,0
J081805.14+200235.4,1121042007836,19.24,0.18,124.52155,20.04326,54905.16474,0
J081805.14+200235.4,1121042007836,19.18,0.18,124.52173,20.04304,54905.16953,0
J081805.14+200235.4,1121042007836,19.1,0.17,124.52125,20.0433,54905.17445,0
J081805.14+200235.4,1121042007836,19.68,0.22,124.52154,20.04315,54905.17921,0
J081805.14+200235.4,1121042007836,20.12,0.28,124.52133,20.04297,54914.13193,0
J081805.14+200235.4,1121042007836,19.51,0.2,124.52126,20.04341,54914.13804,0
J081805.14+200235.4,1121042007836,19.63,0.22,124.52102,20.04314,54914.14417,0
J081805.14+200235.4,1121042007836,19.38,0.19,124.5216,20.04324,54914.15019,0
J081805.14+200235.4,1121042007836,19.48,0.23,124.52131,20.04304,55146.4771,0
J081805.14+200235.4,1121042007836,19.47,0.2,124.52127,20.04324,55161.38015,0
J081805.14+200235.4,1121042007836,19.42,0.2,124.52159,20.04283,55161.38861,0
J081805.14+200235.4,1121042007836,19.58,0.22,124.52157,20.04294,55161.39701,0
J081805.14+200235.4,1121042007836,19.71,0.23,124.52147,20.04327,55161.40539,0
J081805.14+200235.4,1121042007836,19.94,0.26,124.52154,20.04322,55162.35345,0
J081805.14+200235.4,1121042007836,19.47,0.21,124.52119,20.04338,55162.36012,0
J081805.14+200235.4,1121042007836,19.71,0.23,124.52146,20.04283,55162.37336,0
J081805.14+200235.4,1121042007836,19.42,0.21,124.52205,20.04312,55118.438,0
J081805.14+200235.4,1121042007836,19.6,0.23,124.52199,20.04309,55118.44342,0
J081805.14+200235.4,1121042007836,19.65,0.23,124.52169,20.04294,55118.44901,0
J081805.14+200235.4,1121042007836,19.25,0.2,124.52289,20.04243,55085.48395,0
J081805.14+200235.4,1121042007836,19.61,0.28,124.52117,20.04315,55296.13144,0
J081805.14+200235.4,1121042007836,19.51,0.26,124.52172,20.04316,55296.13691,0
J081805.14+200235.4,1121042007836,19.56,0.26,124.5218,20.04304,55545.33247,0
J081805.14+200235.4,1121042007836,19.59,0.26,124.52168,20.04354,55545.35459,0
J081805.14+200235.4,1121042007836,19.36,0.23,124.52161,20.04307,55232.20092,0
J081805.14+200235.4,1121042007836,19.91,0.31,124.52179,20.04316,55232.20554,0
J081805.14+200235.4,1121042007836,18.78,0.17,124.52124,20.04291,55232.21016,0
J081805.14+200235.4,1121042007836,19.41,0.2,124.52148,20.04297,55202.35232,0
J081805.14+200235.4,1121042007836,19.3,0.18,124.52132,20.04286,55202.35752,0
J081805.14+200235.4,1121042007836,19.2,0.18,124.52175,20.04296,55202.36272,0
J081805.14+200235.4,1121042007836,19.89,0.25,124.52125,20.04335,55211.29777,0
J081805.14+200235.4,1121042007836,19.54,0.21,124.52144,20.04297,55211.30577,0
J081805.14+200235.4,1121042007836,19.84,0.24,124.5213,20.04338,55211.31378,0
J081805.14+200235.4,1121042007836,19.39,0.2,124.52126,20.04292,55211.32183,0
J081805.14+200235.4,1121042007836,19.37,0.19,124.52137,20.04298,55259.23646,0
J081805.14+200235.4,1121042007836,19.19,0.18,124.52129,20.04296,55259.24217,0
J081805.14+200235.4,1121042007836,19.9,0.25,124.52148,20.043,55259.24795,0
J081805.14+200235.4,1121042007836,19.55,0.21,124.52159,20.04314,55259.25372,0
J081805.14+200235.4,1121042007836,19.44,0.25,124.52131,20.04306,55267.16444,0
J081805.14+200235.4,1121042007836,19.27,0.23,124.52147,20.04308,55267.16806,0
J081805.14+200235.4,1121042007836,19.28,0.23,124.52152,20.04273,55267.17527,0
J081805.14+200235.4,1121042007836,18.91,0.16,124.52121,20.04289,55329.14142,0
J081805.14+200235.4,1121042007836,19.67,0.23,124.52102,20.0428,55329.14766,0
J081805.14+200235.4,1121042007836,19.38,0.2,124.52118,20.04304,55329.15391,0
J081805.14+200235.4,1121042007836,19.95,0.26,124.52094,20.04317,55329.16023,0
J081805.14+200235.4,1121042007836,19.33,0.19,124.5217,20.04341,55501.4334,0
J081805.14+200235.4,1121042007836,19.25,0.19,124.52168,20.04321,55501.44729,0
J081805.14+200235.4,1121042007836,19.63,0.22,124.52138,20.04333,55501.4543,0
J081805.14+200235.4,1121042007836,19.27,0.19,124.52139,20.04307,55510.40152,0
J081805.14+200235.4,1121042007836,19.49,0.21,124.5211,20.04311,55510.40794,0
J081805.14+200235.4,1121042007836,19.37,0.25,124.52204,20.04276,55528.52141,0
J081805.14+200235.4,1121042007836,18.9,0.2,124.52153,20.04349,55528.52793,0
J081805.14+200235.4,1121042007836,19.7,0.24,124.52154,20.04328,55477.48738,0
J081805.14+200235.4,1121042007836,19.76,0.24,124.52184,20.04336,55486.46434,0
J081805.14+200235.4,1121042007836,19.4,0.2,124.52141,20.04304,55486.47609,0
J081805.14+200235.4,1121042007836,19.77,0.24,124.52106,20.04346,55486.48196,0
J081805.14+200235.4,1121042007836,19.56,0.36,124.52139,20.04298,55456.50347,0
J081805.14+200235.4,1121042007836,19.79,0.21,124.52152,20.04338,55655.19843,0
J081805.14+200235.4,1121042007836,19.79,0.21,124.5216,20.04274,55655.20465,0
J081805.14+200235.4,1121042007836,19.84,0.22,124.52167,20.04322,55655.21084,0
J081805.14+200235.4,1121042007836,19.44,0.18,124.52156,20.04315,55655.21703,0
J081805.14+200235.4,1121042007836,19.6,0.19,124.52146,20.04308,55596.18839,0
J081805.14+200235.4,1121042007836,19.23,0.16,124.52159,20.04309,55596.19661,0
J081805.14+200235.4,1121042007836,20.2,0.26,124.52134,20.04321,55596.20491,0
J081805.14+200235.4,1121042007836,19.32,0.17,124.52171,20.04299,55596.21314,0
J081805.14+200235.4,1121042007836,19.52,0.19,124.52172,20.0431,55615.14741,0
J081805.14+200235.4,1121042007836,19.96,0.23,124.52169,20.04331,55615.15494,0
J081805.14+200235.4,1121042007836,19.63,0.2,124.52172,20.04316,55615.16251,0
J081805.14+200235.4,1121042007836,19.73,0.2,124.52157,20.04346,55615.17008,0
J081805.14+200235.4,1121042007836,19.66,0.23,124.52189,20.04343,55587.35352,0
J081805.14+200235.4,1121042007836,19.29,0.24,124.52154,20.04371,55587.36731,0
J081805.14+200235.4,1121042007836,19.9,0.34,124.52143,20.04308,55590.22841,0
J081805.14+200235.4,1121042007836,19.64,0.29,124.52134,20.04314,55590.23304,0
J081805.14+200235.4,1121042007836,19.78,0.32,124.52162,20.04314,55590.23768,0
J081805.14+200235.4,1121042007836,19.75,0.31,124.52199,20.04305,55590.24225,0
J081805.14+200235.4,1121042007836,19.82,0.21,124.5213,20.04298,55624.15714,0
J081805.14+200235.4,1121042007836,19.27,0.17,124.52121,20.04321,55624.16529,0
J081805.14+200235.4,1121042007836,19.75,0.21,124.52176,20.04308,55590.24949,0
J081805.14+200235.4,1121042007836,19.76,0.21,124.52152,20.04332,55590.25651,0
J081805.14+200235.4,1121042007836,19.82,0.21,124.52155,20.04326,55590.26353,0
J081805.14+200235.4,1121042007836,19.56,0.19,124.52153,20.04325,55590.27055,0
J081805.14+200235.4,1121042007836,19.78,0.17,124.52158,20.04329,55590.28719,0
J081805.14+200235.4,1121042007836,19.44,0.15,124.52154,20.04312,55590.30599,0
J081805.14+200235.4,1121042007836,19.66,0.16,124.52144,20.0431,55590.31535,0
J081805.14+200235.4,1121042007836,19.85,0.25,124.5214,20.04311,55887.40614,0
J081805.14+200235.4,1121042007836,19.85,0.25,124.52135,20.04325,55919.38209,0
J081805.14+200235.4,1121042007836,19.8,0.25,124.52139,20.04287,55919.3992,0
J081805.14+200235.4,1121042007836,19.75,0.24,124.52128,20.0433,55930.35089,0
J081805.14+200235.4,1121042007836,19.61,0.19,124.52166,20.04319,55982.19703,0
J081805.14+200235.4,1121042007836,20.55,0.31,124.52121,20.04355,55982.20382,0
J081805.14+200235.4,1121042007836,20.08,0.24,124.5214,20.04262,55982.21062,0
J081805.14+200235.4,1121042007836,19.61,0.22,124.52124,20.04342,55988.13627,0
J081805.14+200235.4,1121042007836,19.89,0.25,124.52172,20.04316,56001.17368,0
J081805.14+200235.4,1121042007836,19.92,0.26,124.52155,20.04282,56001.17869,0
J081805.14+200235.4,1121042007836,19.9,0.22,124.52151,20.04275,56007.16223,0
J081805.14+200235.4,1121042007836,20.05,0.24,124.52157,20.04266,56007.17254,0
J081805.14+200235.4,1121042007836,19.78,0.21,124.52167,20.043,56007.18281,0
J081805.14+200235.4,1121042007836,19.62,0.23,124.52139,20.04337,56013.14189,0
J081805.14+200235.4,1121042007836,19.78,0.25,124.52155,20.04323,56028.1279,0
J081805.14+200235.4,1121042007836,19.67,0.23,124.52146,20.04317,56028.13443,0
J081805.14+200235.4,1121042007836,19.88,0.26,124.52153,20.04328,56035.15202,0
J081805.14+200235.4,1121042007836,20.23,0.3,124.52228,20.04294,56060.16024,0
J081805.14+200235.4,1121042007836,19.84,0.25,124.52163,20.04333,56245.40618,0
J081805.14+200235.4,1121042007836,20.02,0.27,124.52131,20.04309,56245.41296,0
J081805.14+200235.4,1121042007836,19.6,0.22,124.52135,20.04321,56251.44895,0
J081805.14+200235.4,1121042007836,19.58,0.19,124.52133,20.04342,56267.38578,0
J081805.14+200235.4,1121042007836,19.32,0.17,124.5215,20.04303,56267.39196,0
J081805.14+200235.4,1121042007836,19.8,0.21,124.52152,20.04328,56267.39804,0
J081805.14+200235.4,1121042007836,20.05,0.24,124.52162,20.04344,56267.40419,0
J081805.14+200235.4,1121042007836,19.62,0.22,124.52149,20.04318,56295.26546,0
J081805.14+200235.4,1121042007836,19.86,0.25,124.52168,20.04302,56295.28221,0
J081805.14+200235.4,1121042007836,19.34,0.21,124.52188,20.04288,56302.25723,0
J081805.14+200235.4,1121042007836,20.28,0.27,124.52236,20.04279,56307.42275,0
J081805.14+200235.4,1121042007836,20.07,0.24,124.5213,20.04308,56307.43066,0
J081805.14+200235.4,1121042007836,19.52,0.21,124.52141,20.04325,56323.28155,0
J081805.14+200235.4,1121042007836,19.69,0.23,124.52025,20.04322,56323.28664,0
J081805.14+200235.4,1121042007836,20.05,0.28,124.52184,20.04328,56329.23487,0
J081805.14+200235.4,1121042007836,19.63,0.23,124.52178,20.04335,56329.23996,0
J081805.14+200235.4,1121042007836,19.84,0.25,124.52158,20.04347,56329.24504,0
J081805.14+200235.4,1121042007836,19.41,0.2,124.52139,20.04319,56329.25013,0
J081805.14+200235.4,1121042007836,19.87,0.26,124.52159,20.04275,56340.15763,0
J081805.14+200235.4,1121042007836,20.04,0.28,124.52176,20.04335,56340.16381,0
J081805.14+200235.4,1121042007836,20.51,0.36,124.52093,20.04328,56340.17002,0
J081805.14+200235.4,1121042007836,19.49,0.21,124.52141,20.04329,56352.17383,0
J081805.14+200235.4,1121042007836,19.86,0.26,124.52148,20.04319,56352.17888,0
J081805.14+200235.4,1121042007836,20.04,0.28,124.52145,20.04312,56352.18392,0
J081805.14+200235.4,1121042007836,20.21,0.3,124.52135,20.04297,56363.19309,0
J081805.14+200235.4,1121042007836,19.65,0.19,124.52245,20.043,55957.25646,0
J081805.14+200235.4,1121042007836,19.66,0.19,124.52181,20.04315,55957.26257,0
J081805.14+200235.4,1121042007836,20.1,0.24,124.52169,20.04296,55957.26871,0
J081805.14+200235.4,1121042007836,19.75,0.21,124.52164,20.04309,56389.146,0
J081805.14+200235.4,1121042007836,19.2,0.16,124.52152,20.04377,56389.15682,0
J081805.14+200235.4,1121042007836,19.75,0.21,124.5216,20.0429,56389.1677,0
J081805.14+200235.4,1121042007836,20.27,0.28,124.52152,20.04318,56389.17867,0
J081805.14+200235.4,1121042007836,20.43,0.35,124.51958,20.04449,56405.14739,0
J081805.14+200235.4,1121042007836,19.4,0.2,124.52177,20.04297,56596.39722,0
J081805.14+200235.4,1121042007836,19.84,0.26,124.52179,20.04299,56596.40383,0
J081805.14+200235.4,1121042007836,19.87,0.26,124.52158,20.04311,56596.41044,0
J081805.14+200235.4,2120109018300,19.04,0.09,124.52146,20.04319,53706.43164,0
J081805.14+200235.4,2120109018300,19.01,0.09,124.52149,20.0432,53706.43895,0
J081805.14+200235.4,2120109018300,19.09,0.09,124.52146,20.04319,53706.44616,0
J081805.14+200235.4,2120109018300,18.96,0.09,124.52149,20.0432,53706.45357,0
J081805.14+200235.4,2120109018300,18.86,0.09,124.52152,20.04316,53730.39299,0
J081805.14+200235.4,2120109018300,19.09,0.1,124.52145,20.04315,53730.39852,0
J081805.14+200235.4,2120109018300,18.95,0.09,124.52148,20.04318,53730.40398,0
J081805.14+200235.4,2120109018300,19.0,0.09,124.52155,20.04317,53730.40946,0
J081805.14+200235.4,2120109018300,18.97,0.08,124.52147,20.04312,53510.14944,0
J081805.14+200235.4,2120109018300,18.82,0.08,124.52161,20.04309,53510.15655,0
J081805.14+200235.4,2120109018300,19.01,0.08,124.5214,20.04321,53510.1625,0
J081805.14+200235.4,2120109018300,19.05,0.08,124.52141,20.04315,53510.16842,0
J081805.14+200235.4,2120109018300,19.07,0.12,124.52151,20.04319,53700.46791,0
J081805.14+200235.4,2120109018300,18.93,0.09,124.52143,20.04318,53700.47583,0
J081805.14+200235.4,2120109018300,19.07,0.1,124.52148,20.04318,53700.48368,0
J081805.14+200235.4,2120109018300,19.02,0.1,124.52144,20.0432,53700.49158,0
J081805.14+200235.4,2120109018300,18.71,0.08,124.52145,20.04319,53672.4819,0
J081805.14+200235.4,2120109018300,18.89,0.09,124.52149,20.04319,53672.48835,0
J081805.14+200235.4,2120109018300,18.89,0.09,124.52147,20.04322,53672.49457,0
J081805.14+200235.4,2120109018300,18.95,0.09,124.52141,20.04319,53672.50085,0
J081805.14+200235.4,2120109018300,19.13,0.1,124.52143,20.04316,54081.37528,0
J081805.14+200235.4,2120109018300,19.09,0.1,124.5215,20.0432,54081.38786,0
J081805.14+200235.4,2120109018300,19.24,0.1,124.52146,20.04316,54081.40102,0
J081805.14+200235.4,2120109018300,19.17,0.1,124.52143,20.0431,54081.41717,0
J081805.14+200235.4,2120109018300,19.28,0.15,124.52138,20.04317,53771.22293,0
J081805.14+200235.4,2120109018300,18.62,0.14,124.52136,20.04325,53771.23089,0
J081805.14+200235.4,2120109018300,19.19,0.14,124.52138,20.04325,53771.23888,0
J081805.14+200235.4,2120109018300,19.07,0.11,124.52138,20.04317,53771.24687,0
J081805.14+200235.4,2120109018300,19.08,0.1,124.5215,20.0432,53791.19457,0
J081805.14+200235.4,2120109018300,19.05,0.1,124.52147,20.04326,53791.20025,0
J081805.14+200235.4,2120109018300,18.99,0.09,124.52153,20.04321,53791.20598,0
J081805.14+200235.4,2120109018300,19.1,0.1,124.52147,20.04321,53791.21183,0
J081805.14+200235.4,2120109018300,18.94,0.09,124.5215,20.04316,53739.35172,0
J081805.14+200235.4,2120109018300,19.14,0.1,124.52142,20.04321,53739.35912,0
J081805.14+200235.4,2120109018300,18.98,0.09,124.52143,20.04318,53739.36653,0
J081805.14+200235.4,2120109018300,18.8,0.09,124.52148,20.04316,53739.37392,0
J081805.14+200235.4,2120109018300,18.86,0.09,124.52144,20.04313,53745.33114,0
J081805.14+200235.4,2120109018300,19.05,0.09,124.52142,20.04311,53745.3365,0
J081805.14+200235.4,2120109018300,19.05,0.09,124.52146,20.04314,53745.34188,0
J081805.14+200235.4,2120109018300,19.08,0.1,124.52142,20.04314,53745.34725,0
J081805.14+200235.4,2120109018300,19.05,0.11,124.5214,20.04316,53756.33096,0
J081805.14+200235.4,2120109018300,18.98,0.08,124.52144,20.04314,53757.40024,0
J081805.14+200235.4,2120109018300,18.97,0.08,124.52145,20.04317,53757.40527,0
J081805.14+200235.4,2120109018300,19.06,0.09,124.52148,20.04313,53757.41037,0
J081805.14+200235.4,2120109018300,18.98,0.08,124.52145,20.04317,53757.41541,0
J081805.14+200235.4,2120109018300,19.11,0.22,124.52143,20.04304,53758.25673,0
J081805.14+200235.4,2120109018300,19.0,0.22,124.52146,20.04315,53758.26165,0
J081805.14+200235.4,2120109018300,19.07,0.22,124.52143,20.04313,53758.26658,0
J081805.14+200235.4,2120109018300,19.14,0.22,124.52142,20.0431,53758.2715,0
J081805.14+200235.4,2120109018300,19.1,0.1,124.52148,20.04321,53818.16353,0
J081805.14+200235.4,2120109018300,19.13,0.1,124.52145,20.04319,53818.16948,0
J081805.14+200235.4,2120109018300,19.2,0.11,124.52142,20.04322,53818.17536,0
J081805.14+200235.4,2120109018300,19.18,0.1,124.52146,20.04319,53818.1813,0
J081805.14+200235.4,2120109018300,19.09,0.1,124.52145,20.04318,54054.3896,0
J081805.14+200235.4,2120109018300,19.1,0.1,124.52151,20.04316,54054.39796,0
J081805.14+200235.4,2120109018300,19.14,0.1,124.52141,20.04315,54054.4064,0
J081805.14+200235.4,2120109018300,19.15,0.1,124.52144,20.04315,54054.4148,0
J081805.14+200235.4,2120109018300,19.14,0.1,124.52153,20.04314,54066.36495,0
J081805.14+200235.4,2120109018300,19.18,0.1,124.52155,20.04317,54066.37129,0
J081805.14+200235.4,2120109018300,19.19,0.1,124.52144,20.04319,54066.37757,0
J081805.14+200235.4,2120109018300,19.25,0.1,124.52142,20.04318,54066.38367,0
J081805.14+200235.4,2120109018300,19.05,0.1,124.52148,20.04314,54025.47188,0
J081805.14+200235.4,2120109018300,19.25,0.1,124.52153,20.04318,54025.47859,0
J081805.14+200235.4,2120109018300,19.05,0.1,124.52142,20.04314,54025.48542,0
J081805.14+200235.4,2120109018300,19.15,0.1,124.52147,20.04319,54025.49219,0
J081805.14+200235.4,2120109018300,19.17,0.1,124.52145,20.04315,54039.40406,0
J081805.14+200235.4,2120109018300,19.12,0.1,124.52148,20.04319,54039.4124,0
J081805.14+200235.4,2120109018300,19.05,0.11,124.52148,20.04317,54039.42091,0
J081805.14+200235.4,2120109018300,19.25,0.11,124.52144,20.04317,54039.42937,0
J081805.14+200235.4,2120109018300,19.24,0.1,124.52144,20.04318,54006.47967,0
J081805.14+200235.4,2120109018300,19.15,0.1,124.52148,20.04314,54006.48587,0
J081805.14+200235.4,2120109018300,19.06,0.1,124.52148,20.04314,54006.49205,0
J081805.14+200235.4,2120109018300,19.02,0.1,124.5215,20.04317,54006.49837,0
J081805.14+200235.4,2120109018300,19.07,0.09,124.52153,20.04322,54205.133,0
J081805.14+200235.4,2120109018300,19.15,0.09,124.52153,20.04313,54205.14133,0
J081805.14+200235.4,2120109018300,19.1,0.09,124.52159,20.04319,54205.14972,0
J081805.14+200235.4,2120109018300,19.12,0.09,124.5215,20.04319,54205.15813,0
J081805.14+200235.4,2120109018300,19.23,0.1,124.52158,20.04317,54440.41119,0
J081805.14+200235.4,2120109018300,19.37,0.1,124.52146,20.04314,54440.41775,0
J081805.14+200235.4,2120109018300,19.19,0.1,124.52147,20.0432,54440.42454,0
J081805.14+200235.4,2120109018300,19.28,0.1,124.52157,20.04321,54440.43124,0
J081805.14+200235.4,2120109018300,19.15,0.1,124.52154,20.04317,54137.30098,0
J081805.14+200235.4,2120109018300,19.19,0.1,124.52147,20.04316,54137.30773,0
J081805.14+200235.4,2120109018300,19.09,0.1,124.52146,20.0432,54137.31441,0
J081805.14+200235.4,2120109018300,19.07,0.1,124.5215,20.04319,54137.32113,0
J081805.14+200235.4,2120109018300,19.2,0.12,124.52141,20.0431,54144.19997,0
J081805.14+200235.4,2120109018300,19.17,0.11,124.52148,20.04316,54144.20827,0
J081805.14+200235.4,2120109018300,19.11,0.11,124.52149,20.04309,54144.21646,0
J081805.14+200235.4,2120109018300,19.1,0.11,124.52145,20.04317,54144.22465,0
J081805.14+200235.4,2120109018300,19.22,0.1,124.52147,20.04318,54152.27065,0
J081805.14+200235.4,2120109018300,19.15,0.1,124.52153,20.04316,54152.27792,0
J081805.14+200235.4,2120109018300,19.17,0.1,124.52148,20.04317,54152.28554,0
J081805.14+200235.4,2120109018300,19.1,0.1,124.52154,20.04317,54152.2929,0
J081805.14+200235.4,2120109018300,19.17,0.1,124.52142,20.04314,54108.47321,0
J081805.14+200235.4,2120109018300,19.27,0.11,124.52152,20.04317,54108.47905,0
J081805.14+200235.4,2120109018300,18.96,0.1,124.52162,20.04309,54108.48493,0
J081805.14+200235.4,2120109018300,19.21,0.11,124.52146,20.04311,54108.49071,0
J081805.14+200235.4,2120109018300,19.19,0.11,124.52152,20.04322,54124.29913,0
J081805.14+200235.4,2120109018300,19.19,0.11,124.52147,20.04313,54124.30761,0
J081805.14+200235.4,2120109018300,19.24,0.11,124.52143,20.04322,54124.31555,0
J081805.14+200235.4,2120109018300,19.08,0.1,124.52147,20.04318,54124.32348,0
J081805.14+200235.4,2120109018300,19.1,0.09,124.52147,20.0432,54168.24135,0
J081805.14+200235.4,2120109018300,19.12,0.09,124.52149,20.04322,54168.24783,0
J081805.14+200235.4,2120109018300,19.12,0.09,124.52143,20.04321,54168.25428,0
J081805.14+200235.4,2120109018300,19.12,0.09,124.52145,20.04321,54168.26074,0
J081805.14+200235.4,2120109018300,19.22,0.1,124.5215,20.04318,54412.43838,0
J081805.14+200235.4,2120109018300,19.39,0.1,124.5215,20.0432,54412.44398,0
J081805.14+200235.4,2120109018300,19.22,0.1,124.52152,20.04318,54412.44954,0
J081805.14+200235.4,2120109018300,19.32,0.1,124.52148,20.04316,54412.45515,0
J081805.14+200235.4,2120109018300,19.2,0.1,124.52155,20.0432,54425.34994,0
J081805.14+200235.4,2120109018300,19.45,0.11,124.52152,20.04317,54425.35482,0
J081805.14+200235.4,2120109018300,19.37,0.1,124.52153,20.04316,54425.35977,0
J081805.14+200235.4,2120109018300,19.15,0.1,124.5216,20.04312,54425.36464,0
J081805.14+200235.4,2120109018300,19.44,0.13,124.52148,20.04318,54807.34762,0
J081805.14+200235.4,2120109018300,19.62,0.14,124.52144,20.04315,54807.35317,0
J081805.14+200235.4,2120109018300,19.47,0.13,124.52144,20.04318,54807.35862,0
J081805.14+200235.4,2120109018300,19.54,0.13,124.52149,20.04317,54807.36415,0
J081805.14+200235.4,2120109018300,19.32,0.1,124.52158,20.04314,54520.34115,0
J081805.14+200235.4,2120109018300,19.36,0.1,124.52153,20.04313,54520.34836,0
J081805.14+200235.4,2120109018300,19.39,0.1,124.52148,20.04318,54520.35555,0
J081805.14+200235.4,2120109018300,19.39,0.1,124.5215,20.04317,54520.36278,0
J081805.14+200235.4,2120109018300,19.17,0.1,124.52157,20.04318,54496.27314,0
J081805.14+200235.4,2120109018300,19.22,0.1,124.52153,20.04317,54496.27847,0
J081805.14+200235.4,2120109018300,19.15,0.09,124.52149,20.04315,54496.28388,0
J081805.14+200235.4,2120109018300,19.4,0.1,124.5215,20.04317,54496.28921,0
J081805.14+200235.4,2120109018300,19.4,0.1,124.52145,20.04318,54537.19358,0
J081805.14+200235.4,2120109018300,19.3,0.1,124.5215,20.04319,54537.20238,0
J081805.14+200235.4,2120109018300,19.35,0.1,124.52153,20.04318,54537.21123,0
J081805.14+200235.4,2120109018300,19.32,0.1,124.52146,20.04321,54537.22002,0
J081805.14+200235.4,2120109018300,19.4,0.1,124.52149,20.04318,54552.11672,0
J081805.14+200235.4,2120109018300,19.36,0.1,124.52147,20.04319,54552.12566,0
J081805.14+200235.4,2120109018300,19.38,0.1,124.52145,20.04315,54552.13463,0
J081805.14+200235.4,2120109018300,19.4,0.1,124.52149,20.04316,54552.14366,0
J081805.14+200235.4,2120109018300,19.32,0.1,124.52149,20.04317,54778.40808,0
J081805.14+200235.4,2120109018300,19.52,0.11,124.52143,20.0432,54778.41743,0
J081805.14+200235.4,2120109018300,19.53,0.11,124.52151,20.04317,54778.42668,0
J081805.14+200235.4,2120109018300,19.44,0.1,124.52146,20.0432,54778.43633,0
J081805.14+200235.4,2120109018300,19.37,0.1,124.52144,20.04319,54791.39801,0
J081805.14+200235.4,2120109018300,19.58,0.11,124.52144,20.04319,54791.40364,0
J081805.14+200235.4,2120109018300,19.33,0.1,124.52155,20.04319,54791.4092,0
J081805.14+200235.4,2120109018300,19.43,0.11,124.52148,20.04316,54791.41482,0
J081805.14+200235.4,2120109018300,19.52,0.11,124.52143,20.04317,54763.45554,0
J081805.14+200235.4,2120109018300,19.41,0.1,124.52153,20.04318,54763.45991,0
J081805.14+200235.4,2120109018300,19.36,0.1,124.52149,20.04315,54763.46426,0
J081805.14+200235.4,2120109018300,19.48,0.11,124.52147,20.04316,54763.46864,0
J081805.14+200235.4,2120109018300,19.45,0.11,124.52148,20.04317,54947.15061,0
J081805.14+200235.4,2120109018300,19.07,0.11,124.52182,20.04346,54947.15596,0
J081805.14+200235.4,2120109018300,19.54,0.12,124.52146,20.04318,54947.16143,0
J081805.14+200235.4,2120109018300,19.55,0.12,124.52151,20.04316,54947.16684,0
J081805.14+200235.4,2120109018300,19.52,0.12,124.52145,20.04317,54948.15555,0
J081805.14+200235.4,2120109018300,19.5,0.11,124.52151,20.04317,54948.1609,0
J081805.14+200235.4,2120109018300,19.58,0.12,124.52148,20.0432,54948.16638,0
J081805.14+200235.4,2120109018300,19.44,0.11,124.52148,20.04319,54948.17188,0
J081805.14+200235.4,2120109018300,19.58,0.12,124.5215,20.04318,55180.43137,0
J081805.14+200235.4,2120109018300,19.74,0.12,124.52145,20.04317,55180.4383,0
J081805.14+200235.4,2120109018300,19.5,0.11,124.52159,20.04325,55180.44529,0
J081805.14+200235.4,2120109018300,19.62,0.12,124.52138,20.04316,55180.45239,0
J081805.14+200235.4,2120109018300,19.53,0.11,124.52144,20.04322,54876.2895,0
J081805.14+200235.4,2120109018300,19.48,0.11,124.52143,20.04324,54876.29685,0
J081805.14+200235.4,2120109018300,19.37,0.11,124.52137,20.04319,54876.30414,0
J081805.14+200235.4,2120109018300,19.58,0.11,124.52144,20.04319,54876.31152,0
J081805.14+200235.4,2120109018300,19.51,0.11,124.52151,20.04312,54889.26032,0
J081805.14+200235.4,2120109018300,19.59,0.12,124.52146,20.04312,54889.27018,0
J081805.14+200235.4,2120109018300,19.24,0.1,124.52154,20.04318,54889.27682,0
J081805.14+200235.4,2120109018300,19.38,0.11,124.52153,20.04313,54889.28346,0
J081805.14+200235.4,2120109018300,19.56,0.12,124.52149,20.04318,54909.20818,0
J081805.14+200235.4,2120109018300,19.53,0.11,124.52149,20.04319,54909.21564,0
J081805.14+200235.4,2120109018300,19.39,0.11,124.52149,20.04319,54909.22313,0
J081805.14+200235.4,2120109018300,19.48,0.11,124.5215,20.04319,54909.23061,0
J081805.14+200235.4,2120109018300,19.89,0.14,124.52093,20.04314,54967.15556,0
J081805.14+200235.4,2120109018300,20.21,0.16,124.522,20.04321,54967.15556,1
J081805.14+200235.4,2120109018300,19.2,0.11,124.52151,20.04314,54967.16176,0
J081805.14+200235.4,2120109018300,19.23,0.11,124.52151,20.0431,54967.16787,0
J081805.14+200235.4,2120109018300,19.36,0.11,124.52137,20.04312,54967.17418,0
J081805.14+200235.4,2120109018300,19.49,0.11,124.52151,20.0432,55151.4466,0
J081805.14+200235.4,2120109018300,19.59,0.12,124.52147,20.04318,55151.45183,0
J081805.14+200235.4,2120109018300,19.51,0.11,124.52147,20.04322,55151.45707,0
J081805.14+200235.4,2120109018300,19.58,0.12,124.5214,20.04322,55151.46235,0
J081805.14+200235.4,2120109018300,19.53,0.11,124.52144,20.04317,55134.4544,0
J081805.14+200235.4,2120109018300,19.46,0.11,124.52152,20.0432,55134.46079,0
J081805.14+200235.4,2120109018300,19.45,0.11,124.52157,20.04317,55134.46725,0
J081805.14+200235.4,2120109018300,19.54,0.11,124.52145,20.04315,55134.4738,0
J081805.14+200235.4,2120109018300,19.52,0.14,124.5214,20.04321,55104.48412,0
J081805.14+200235.4,2120109018300,19.7,0.15,124.52146,20.04313,55104.48929,0
J081805.14+200235.4,2120109018300,19.39,0.13,124.52152,20.04315,55104.49454,0
J081805.14+200235.4,2120109018300,19.63,0.14,124.52148,20.04314,55104.49971,0
J081805.14+200235.4,2120109018300,19.56,0.12,124.52155,20.04322,55296.12187,0
J081805.14+200235.4,2120109018300,19.52,0.12,124.52144,20.04327,55296.12773,0
J081805.14+200235.4,2120109018300,19.64,0.12,124.52147,20.04324,55296.13368,0
J081805.14+200235.4,2120109018300,19.55,0.12,124.52152,20.04325,55296.13963,0
J081805.14+200235.4,2120109018300,19.64,0.12,124.52148,20.0432,55536.39406,0
J081805.14+200235.4,2120109018300,19.48,0.12,124.52142,20.04319,55536.40428,0
J081805.14+200235.4,2120109018300,19.72,0.12,124.5215,20.04312,55536.41456,0
J081805.14+200235.4,2120109018300,19.8,0.13,124.52149,20.04318,55536.42482,0
J081805.14+200235.4,2120109018300,19.68,0.13,124.52146,20.04319,55240.25998,0
J081805.14+200235.4,2120109018300,19.42,0.11,124.52156,20.0432,55240.26589,0
J081805.14+200235.4,2120109018300,19.49,0.12,124.5215,20.04324,55240.27185,0
J081805.14+200235.4,2120109018300,19.51,0.12,124.52145,20.04321,55240.27778,0
J081805.14+200235.4,2120109018300,19.61,0.12,124.52161,20.04329,55267.2036,0
J081805.14+200235.4,2120109018300,19.43,0.11,124.52143,20.04322,55267.21077,0
J081805.14+200235.4,2120109018300,19.37,0.11,124.52144,20.04316,55267.21783,0
J081805.14+200235.4,2120109018300,19.54,0.12,124.52146,20.04315,55267.22499,0
J081805.14+200235.4,2120109018300,19.7,0.12,124.52143,20.04324,55505.48187,0
J081805.14+200235.4,2120109018300,19.63,0.12,124.52144,20.04315,55505.48762,0
J081805.14+200235.4,2120109018300,19.7,0.12,124.52154,20.04319,55505.49338,0
J081805.14+200235.4,2120109018300,19.71,0.12,124.52158,20.04318,55505.49907,0
J081805.14+200235.4,2120109018300,19.35,0.12,124.52153,20.04323,55469.48106,0
J081805.14+200235.4,2120109018300,19.71,0.13,124.52143,20.04315,55469.48591,0
J081805.14+200235.4,2120109018300,19.65,0.13,124.5214,20.04315,55469.49077,0
J081805.14+200235.4,2120109018300,19.6,0.13,124.52145,20.04316,55469.49567,0
J081805.14+200235.4,2120109018300,19.8,0.12,124.52144,20.04315,55602.19602,0
J081805.14+200235.4,2120109018300,19.29,0.1,124.52161,20.04323,55602.20359,0
J081805.14+200235.4,2120109018300,19.79,0.12,124.52147,20.04317,55602.21116,0
J081805.14+200235.4,2120109018300,19.83,0.12,124.52146,20.04319,55602.21876,0
J081805.14+200235.4,2120109018300,19.54,0.11,124.52148,20.04327,55618.13838,0
J081805.14+200235.4,2120109018300,19.64,0.12,124.52157,20.04322,55618.14362,0
J081805.14+200235.4,2120109018300,19.61,0.12,124.52151,20.04319,55618.14888,0
J081805.14+200235.4,2120109018300,19.65,0.12,124.52149,20.04317,55618.15418,0
J081805.14+200235.4,2120109018300,19.49,0.11,124.52157,20.0431,55577.34452,0
J081805.14+200235.4,2120109018300,19.68,0.12,124.52144,20.04322,55577.35332,0
J081805.14+200235.4,2120109018300,19.31,0.1,124.52144,20.04318,55577.36213,0
J081805.14+200235.4,2120109018300,19.52,0.11,124.52139,20.04311,55577.37094,0
J081805.14+200235.4,2120109018300,19.71,0.12,124.52153,20.04317,55584.30164,0
J081805.14+200235.4,2120109018300,19.81,0.12,124.52147,20.04318,55584.30917,0
J081805.14+200235.4,2120109018300,19.59,0.11,124.52151,20.04319,55584.31668,0
J081805.14+200235.4,2120109018300,19.69,0.12,124.52146,20.04315,55584.32423,0
J081805.14+200235.4,2120109018300,19.66,0.12,124.52148,20.04314,55628.14507,0
J081805.14+200235.4,2120109018300,19.68,0.12,124.52148,20.04324,55628.15327,0
J081805.14+200235.4,2120109018300,19.78,0.12,124.52146,20.04313,55628.16134,0
J081805.14+200235.4,2120109018300,19.75,0.12,124.52147,20.04318,55628.16954,0
J081805.14+200235.4,2120109018300,19.69,0.12,124.52147,20.04315,55688.14452,0
J081805.14+200235.4,2120109018300,19.74,0.12,124.52148,20.04317,55688.15268,0
J081805.14+200235.4,2120109018300,19.51,0.11,124.52146,20.04323,55688.16083,0
J081805.14+200235.4,2120109018300,19.81,0.13,124.52151,20.04314,55688.16899,0
J081805.14+200235.4,2120109018300,19.67,0.12,124.5214,20.04318,55703.14523,0
J081805.14+200235.4,2120109018300,19.62,0.12,124.52153,20.0432,55703.15046,0
J081805.14+200235.4,2120109018300,19.68,0.12,124.52139,20.04312,55703.15554,0
J081805.14+200235.4,2120109018300,19.72,0.12,124.52145,20.04314,55703.16074,0
J081805.14+200235.4,2120109018300,19.88,0.13,124.52148,20.04317,55856.4595,0
J081805.14+200235.4,2120109018300,19.63,0.12,124.52153,20.04321,55856.46884,0
J081805.14+200235.4,2120109018300,19.89,0.13,124.52144,20.04318,55856.47822,0
J081805.14+200235.4,2120109018300,19.72,0.12,124.52152,20.04315,55856.48774,0
J081805.14+200235.4,2120109018300,19.64,0.12,124.52159,20.04332,55892.42412,0
J081805.14+200235.4,2120109018300,19.93,0.13,124.52145,20.04319,55892.43333,0
J081805.14+200235.4,2120109018300,19.7,0.12,124.52153,20.04323,55892.44276,0
J081805.14+200235.4,2120109018300,19.67,0.12,124.5214,20.04327,55892.45215,0
J081805.14+200235.4,2120109018300,19.84,0.13,124.52143,20.04321,55952.30004,0
J081805.14+200235.4,2120109018300,19.82,0.12,124.52154,20.04321,55952.30525,0
J081805.14+200235.4,2120109018300,19.72,0.12,124.52161,20.04323,55952.31049,0
J081805.14+200235.4,2120109018300,19.85,0.13,124.52161,20.04318,55952.31575,0
J081805.14+200235.4,2120109018300,19.78,0.12,124.52154,20.04323,55967.31659,0
J081805.14+200235.4,2120109018300,20.09,0.14,124.52145,20.04325,55967.32595,0
J081805.14+200235.4,2120109018300,19.7,0.12,124.52153,20.04328,55967.3353,0
J081805.14+200235.4,2120109018300,19.75,0.12,124.52149,20.0432,55967.34466,0
J081805.14+200235.4,2120109018300,18.97,0.09,124.52158,20.04318,55999.17063,0
J081805.14+200235.4,2120109018300,19.76,0.12,124.52149,20.04323,55999.17935,0
J081805.14+200235.4,2120109018300,19.86,0.13,124.52154,20.04317,55999.18806,0
J081805.14+200235.4,2120109018300,19.92,0.13,124.52167,20.04327,55999.19679,0
J081805.14+200235.4,2120109018300,19.88,0.13,124.52151,20.04322,56015.13741,0
J081805.14+200235.4,2120109018300,20.07,0.14,124.52147,20.04319,56015.14262,0
J081805.14+200235.4,2120109018300,19.89,0.13,124.52148,20.04317,56015.14786,0
J081805.14+200235.4,2120109018300,19.75,0.12,124.52147,20.04317,56015.15308,0
J081805.14+200235.4,2120109018300,19.77,0.13,124.52144,20.04317,56037.16134,0
J081805.14+200235.4,2120109018300,20.02,0.14,124.5215,20.04325,56037.1685,0
J081805.14+200235.4,2120109018300,19.82,0.13,124.5215,20.0432,56037.17558,0
J081805.14+200235.4,2120109018300,19.78,0.13,124.5215,20.0432,56037.18256,0
J081805.14+200235.4,2120109018300,19.82,0.13,124.52156,20.04325,56220.42223,0
J081805.14+200235.4,2120109018300,19.91,0.14,124.52148,20.04321,56220.43369,0
J081805.14+200235.4,2120109018300,20.11,0.15,124.52142,20.04321,56220.44511,0
J081805.14+200235.4,2120109018300,21.51,0.3,124.52272,20.04295,56220.44511,1
J081805.14+200235.4,2120109018300,19.56,0.12,124.52164,20.04314,56220.45653,0
J081805.14+200235.4,2120109018300,19.71,0.13,124.5216,20.0432,56244.46232,0
J081805.14+200235.4,2120109018300,20.01,0.14,124.52152,20.04322,56244.46928,0
J081805.14+200235.4,2120109018300,19.77,0.13,124.52158,20.04316,56244.47631,0
J081805.14+200235.4,2120109018300,19.65,0.12,124.52143,20.04317,56244.48328,0
J081805.14+200235.4,2120109018300,19.7,0.13,124.52159,20.04318,56267.44651,0
J081805.14+200235.4,2120109018300,19.8,0.13,124.52153,20.04328,56267.45171,0
J081805.14+200235.4,2120109018300,19.83,0.13,124.52153,20.04321,56267.45701,0
J081805.14+200235.4,2120109018300,19.79,0.13,124.52151,20.04324,56267.46229,0
J081805.14+200235.4,2120109018300,19.99,0.15,124.52161,20.04326,56328.20625,0
J081805.14+200235.4,2120109018300,19.81,0.13,124.52163,20.04318,56328.21523,0
J081805.14+200235.4,2120109018300,19.63,0.13,124.52155,20.04316,56328.22425,0
J081805.14+200235.4,2120109018300,19.74,0.13,124.5215,20.04321,56328.23328,0
J081805.14+200235.4,2120109018300,19.73,0.13,124.52152,20.04321,56354.23407,0
J081805.14+200235.4,2120109018300,19.59,0.12,124.52162,20.04317,56354.23951,0
J081805.14+200235.4,2120109018300,19.65,0.13,124.52155,20.0432,56354.24501,0
J081805.14+200235.4,2120109018300,19.72,0.13,124.52156,20.04328,56354.25045,0
J081805.14+200235.4,2120109018300,19.68,0.13,124.52153,20.04322,56366.18602,0
J081805.14+200235.4,2120109018300,19.82,0.14,124.52161,20.0433,56366.19131,0
J081805.14+200235.4,2120109018300,19.84,0.14,124.52144,20.04316,56366.19665,0
J081805.14+200235.4,2120109018300,20.04,0.15,124.5215,20.0432,56366.20192,0
J081805.14+200235.4,2120109018300,19.87,0.14,124.52135,20.04323,56388.14108,0
J081805.14+200235.4,2120109018300,19.8,0.14,124.5214,20.0432,56388.14659,0
J081805.14+200235.4,2120109018300,19.8,0.14,124.52148,20.04316,56388.15182,0
J081805.14+200235.4,2120109018300,20.11,0.16,124.52153,20.0432,56388.15698,0
J081805.14+200235.4,2120109018300,19.87,0.13,124.52159,20.0432,56574.48955,0
J081805.14+200235.4,2120109018300,19.8,0.13,124.5215,20.04318,56574.49619,0
J081805.14+200235.4,2120109018300,19.52,0.12,124.52156,20.04311,56574.50282,0
J081805.14+200235.4,2120109018300,19.85,0.13,124.5214,20.04327,56574.50948,0
J081805.14+200235.4,2120109018300,19.95,0.14,124.52165,20.04322,56602.46858,0
J081805.14+200235.4,2120109018300,20.03,0.14,124.52172,20.0432,56602.476,0
J081805.14+200235.4,2120109018300,20.2,0.15,124.52151,20.04321,56602.48342,0
J081805.14+200235.4,2120109018300,20.43,0.17,124.52148,20.04316,56602.49083,0
J081805.14+200235.4,2120109018300,19.61,0.12,124.52158,20.0432,56622.48185,0
J081805.14+200235.4,2120109018300,19.79,0.13,124.52164,20.04317,56622.48717,0
J081805.14+200235.4,2120109018300,19.77,0.13,124.5216,20.04325,56622.49251,0
J081805.14+200235.4,2120109018300,19.82,0.13,124.52153,20.04316,56622.49784,0
J081805.14+200235.4,2120109018300,19.93,0.14,124.5215,20.04319,56639.34518,0
J081805.14+200235.4,2120109018300,19.66,0.12,124.52154,20.04324,56639.35314,0
J081805.14+200235.4,2120109018300,20.24,0.16,124.52148,20.04319,56639.3611,0
J081805.14+200235.4,2120109018300,19.88,0.13,124.52157,20.04311,56639.36907,0
J081805.14+200235.4,2120109018300,19.79,0.12,124.52151,20.04313,56649.4359,0
J081805.14+200235.4,2120109018300,19.93,0.13,124.5215,20.04326,56649.44706,0
J081805.14+200235.4,2120109018300,19.73,0.12,124.52147,20.04316,56649.45811,0
J081805.14+200235.4,2120109018300,19.84,0.12,124.52162,20.04306,56649.46655,0
